fecha,lote,cavidad,operador,diametro_mm
2024-01-02,1,1,A,50.0244
2024-01-03,1,2,B,49.9168
2024-01-04,1,3,C,50.06
2024-01-05,1,4,D,50.0752
2024-01-08,2,1,A,49.8439
2024-01-09,2,2,B,49.8958
2024-01-10,2,3,C,50.0102
2024-01-11,2,4,D,49.9747
2024-01-12,3,1,A,49.9987
2024-01-15,3,2,B,49.9318
2024-01-16,3,3,C,50.0704
2024-01-17,3,4,D,50.0622
2024-01-18,4,1,A,50.0053
2024-01-19,4,2,B,50.0902
2024-01-22,4,3,C,50.0374
2024-01-23,4,4,D,49.9313
2024-01-24,5,1,A,50.0295
2024-01-25,5,2,B,49.9233
2024-01-26,5,3,C,50.0703
2024-01-29,5,4,D,49.996
2024-01-30,6,1,A,49.9852
2024-01-31,6,2,B,49.9455
2024-02-01,6,3,C,50.0978
2024-02-02,6,4,D,49.9876
2024-02-05,7,1,A,49.9657
2024-02-06,7,2,B,49.9718
2024-02-07,7,3,C,50.0426
2024-02-08,7,4,D,50.0292
2024-02-09,8,1,A,50.033
2024-02-12,8,2,B,50.0345
2024-02-13,8,3,C,50.1713
2024-02-14,8,4,D,49.9675
2024-02-15,9,1,A,49.959
2024-02-16,9,2,B,49.9349
2024-02-19,9,3,C,50.0493
2024-02-20,9,4,D,50.0903
2024-02-21,10,1,A,49.9909
2024-02-22,10,2,B,49.9328
2024-02-23,10,3,C,49.934
2024-02-26,10,4,D,50.052
2024-02-27,11,1,A,50.0595
2024-02-28,11,2,B,50.0435
2024-02-29,11,3,C,49.9468
2024-03-01,11,4,D,50.0186
2024-03-04,12,1,A,50.0093
2024-03-05,12,2,B,50.0175
2024-03-06,12,3,C,50.0697
2024-03-07,12,4,D,50.0179
2024-03-08,13,1,A,50.0543
2024-03-11,13,2,B,50.0054
2024-03-12,13,3,C,50.0231
2024-03-13,13,4,D,50.0505
2024-03-14,14,1,A,49.8834
2024-03-15,14,2,B,49.9744
2024-03-18,14,3,C,49.9624
2024-03-19,14,4,D,49.9489
2024-03-20,15,1,A,49.978
2024-03-21,15,2,B,50.1196
2024-03-22,15,3,C,49.9307
2024-03-25,15,4,D,50.0775
2024-03-26,16,1,A,49.8654
2024-03-27,16,2,B,49.9732
2024-03-28,16,3,C,50.013
2024-03-29,16,4,D,50.0469
2024-04-01,17,1,A,50.0569
2024-04-02,17,2,B,50.0635
2024-04-03,17,3,C,49.9721
2024-04-04,17,4,D,49.963
2024-04-05,18,1,A,50.0686
2024-04-08,18,2,B,49.9847
2024-04-09,18,3,C,49.8979
2024-04-10,18,4,D,49.9093
2024-04-11,19,1,A,49.9264
2024-04-12,19,2,B,50.0398
2024-04-15,19,3,C,50.0114
2024-04-16,19,4,D,50.0552
2024-04-17,20,1,A,49.9658
2024-04-18,20,2,B,50.0127
2024-04-19,20,3,C,50.05
2024-04-22,20,4,D,49.9753
2024-04-23,21,1,A,50.1565
2024-04-24,21,2,B,50.067
2024-04-25,21,3,C,50.091
2024-04-26,21,4,D,50.0895
2024-04-29,22,1,A,50.0243
2024-04-30,22,2,B,50.159
2024-05-01,22,3,C,50.0824
2024-05-02,22,4,D,50.121
2024-05-03,23,1,A,50.1585
2024-05-06,23,2,B,50.1557
2024-05-07,23,3,C,50.1732
2024-05-08,23,4,D,50.1121
2024-05-09,24,1,A,50.0861
2024-05-10,24,2,B,50.1136
2024-05-13,24,3,C,49.985
2024-05-14,24,4,D,50.0042
2024-05-15,25,1,A,50.0142
2024-05-16,25,2,B,50.0402
2024-05-17,25,3,C,50.152
2024-05-20,25,4,D,50.0476
2024-05-21,26,1,A,50.0897
2024-05-22,26,2,B,50.2239
2024-05-23,26,3,C,50.0915
2024-05-24,26,4,D,50.179
2024-05-27,27,1,A,50.0453
2024-05-28,27,2,B,50.1036
2024-05-29,27,3,C,50.044
2024-05-30,27,4,D,50.0929
2024-05-31,28,1,A,50.1872
2024-06-03,28,2,B,49.9818
2024-06-04,28,3,C,50.1548
2024-06-05,28,4,D,50.139
2024-06-06,29,1,A,50.0725
2024-06-07,29,2,B,50.0043
2024-06-10,29,3,C,50.1258
2024-06-11,29,4,D,50.0776
2024-06-12,30,1,A,50.1386
2024-06-13,30,2,B,50.1217
2024-06-14,30,3,C,50.2481
2024-06-17,30,4,D,50.1009
